;103071;3000033622634;G168993522;010300003362263421g16899352217170331105c90714a;;;;
;103091;3000033622634;G392050412;010300003362263421g39205041217170331105c90714a;;;;
;103081;3000033622634;G466610754;010300003362263421g46661075417170331105c90714a;;;;
;111091;3000033622634;G542114412;010300003362263421G54211441217170531105E83567A;;;;
;108381;3000033622634;G729942896;010300003362263421g72994289617170531105e83567a;;;;
;107901;4048846006691;100000000853;0104048846006691211000000008531718033110503341;;;;
;107881;4048846006691;100000000854;0104048846006691211000000008541718033110503341;;;;
;107891;4048846006691;100000000864;0104048846006691211000000008641718033110503341;;;;
;107931;4048846006691;100000000883;0104048846006691211000000008831718033110503341;;;;
;107911;4048846006691;100000000889;0104048846006691211000000008891718033110503341;;;;
;107921;4048846006691;100000000890;0104048846006691211000000008901718033110503341;;;;
;106371;4048846006691;100000000896;0104048846006691211000000008961718033110503341;;;;
;106381;4048846006691;100000000897;0104048846006691211000000008971718033110503341;;;;
;106391;4048846006691;100000000901;0104048846006691211000000009011718033110503341;;;;
;108541;4048846006691;100000000948;0104048846006691211000000009481718033110503341;;;;
;108531;4048846006691;100000000951;0104048846006691211000000009511718033110503341;;;;
;107701;5000456007955;23031405445302145815;010500045600795521230314054453021458151718063010AAE9978;;;;
;107681;5000456007955;25033405475506475511;010500045600795521250334054755064755111718063010AAE9978;;;;
;107691;5000456007955;26036405485805185819;010500045600795521260364054858051858191718063010AAE9978;;;;
;104311;5413760303468;7670;0105413760303468171612312100000000767010le12q011ag;;;;
;104321;5413760303468;7671;0105413760303468171612312100000000767110le12q011ag;;;;
;104381;5413760303468;10435;0105413760303468171703312100000001043510le12q126al;;;;
;104411;5413760303468;10467;0105413760303468171703312100000001046710le12q126al;;;;
;104441;5413760303468;10469;0105413760303468171703312100000001046910le12q126al;;;;
;104431;5413760303468;10471;0105413760303468171703312100000001047110le12q126al;;;;
;104361;5413760303468;10472;0105413760303468171703312100000001047210le12q126al;;;;
;104341;5413760303468;10473;0105413760303468171703312100000001047310le12q126al;;;;
;104371;5413760303468;10477;0105413760303468171703312100000001047710le12q126al;;;;
;104421;5413760303468;10484;0105413760303468171703312100000001048410le12q126al;;;;
;104331;5413760303468;10497;0105413760303468171703312100000001049710le12q126al;;;;
;104401;5413760303468;10500;0105413760303468171703312100000001050010le12q126al;;;;
;104391;5413760303468;10505;0105413760303468171703312100000001050510le12q126al;;;;
;104351;5413760303468;10508;0105413760303468171703312100000001050810le12q126al;;;;
;103341;7591142000803;1200089526;010759114200080310488918e0217161231211200089526;;;;
;103261;7591142000803;1200089529;010759114200080310488918e0217161231211200089529;;;;
;103281;7591142000803;1200089546;010759114200080310488918e0217161231211200089546;;;;
;103351;7591142000803;1200089553;010759114200080310488918e0217161231211200089553;;;;
;103271;7591142000803;1200089554;010759114200080310488918e0217161231211200089554;;;;
;103331;7591142000803;1200089555;010759114200080310488918e0217161231211200089555;;;;
;103361;7591142000803;1200089585;010759114200080310488918e0217161231211200089585;;;;
;103311;7591142000803;1200089587;010759114200080310488918e0217161231211200089587;;;;
;103291;7591142000803;1200089588;010759114200080310488918e0217161231211200089588;;;;
;103301;7591142000803;1200089590;010759114200080310488918e0217161231211200089590;;;;
;103321;7591142000803;1200089591;010759114200080310488918e0217161231211200089591;;;;
;102081;7730949043112;2720613628;01077309490431122127206136281716113010BA028442;;;;
;102111;7730949043112;2744941485;01077309490431122127449414851716113010BA028442;;;;
;102071;7730949043112;3260226153;01077309490431122132602261531716113010BA028442;;;;
;106661;7730949043112;4129336218;01077309490431122141293362181716113010BA028442;;;;
;102101;7730949043112;4490269582;01077309490431122144902695821716113010BA028442;;;;
;102121;7730949043112;5480525637;01077309490431122154805256371716113010BA028442;;;;
;102091;7730949043112;8875885888;01077309490431122188758858881716113010BA028442;;;;
;103131;7730949043211;2273891759;01077309490432112122738917591717043010BA031175;;;;
;103161;7730949043211;2438502564;01077309490432112124385025641717043010BA031175;;;;
;103121;7730949043211;3335141068;01077309490432112133351410681717043010BA031175;;;;
;103151;7730949043211;5358465169;01077309490432112153584651691717043010BA031175;;;;
;103171;7730949043211;9505338616;01077309490432112195053386161717043010BA031175;;;;
;103141;7730949043211;9515624526;01077309490432112195156245261717043010BA031175;;;;
;107941;7790375250645;28028115316157845210;010779037525064521280281153161578452101718033110150806;;;;
;106651;7790440362914;1200020854;01077904403629141054163PE17170731211200020854;;;;
;105881;7790440382622;1200051993;0107790440382622171703311054760QA211200051993;;;;
;105891;7790440382622;1200051999;0107790440382622171703311054760QA211200051999;;;;
;105101;7790440445624;1200285421;0107790440445624171804301057193QA211200285421;;;;
;105121;7790440445624;1200285657;0107790440445624171804301057193QA211200285657;;;;
;105111;7790440445624;1200285660;0107790440445624171804301057193QA211200285660;;;;
;105711;7790440621226;1200049944;0107790440621226171710181048825qa211200049944;;;;
;105721;7790440621226;1200064157;0107790440621226171710181048825QA211200064157;;;;
;105731;7790440621226;1200064160;0107790440621226171710181048825QA211200064160;;;;
;105751;7790440621424;1200595689;0107790440621424171804301056055QA211200595689;;;;
;105741;7790440621424;1200595783;0107790440621424171804301056055QA211200595783;;;;
;104911;7790440621523;1201754814;0107790440621523171806301056099qa211201754814;;;;
;104941;7790440621523;1201755008;0107790440621523171806301056099qa211201755008;;;;
;104931;7790440621523;1201755012;0107790440621523171806301056099qa211201755012;;;;
;104921;7790440621523;1201755016;0107790440621523171806301056099qa211201755016;;;;
;104901;7790440621523;1201755017;0107790440621523171806301056099qa211201755017;;;;
;108591;7790440621523;1201787148;0107790440621523171806301057196qa211201787148;;;;
;108581;7790440621523;1201787151;0107790440621523171806301057196qa211201787151;;;;
;108571;7790440621523;1201787156;0107790440621523171806301057196qa211201787156;;;;
;104581;7791829000762;440885314;01077918290007622104408853141717053110035132;;;;
;104641;7791829000762;794029080;01077918290007622107940290801717053110035132;;;;
;104551;7791829000762;1139053846;01077918290007622111390538461717053110035132;;;;
;104611;7791829000762;2833249512;01077918290007622128332495121717053110035132;;;;
;104531;7791829000762;3067012266;01077918290007622130670122661717053110035132;;;;
;104591;7791829000762;3360388697;01077918290007622133603886971717053110035132;;;;
;104651;7791829000762;4161778536;01077918290007622141617785361717053110035132;;;;
;104561;7791829000762;4321498351;01077918290007622143214983511717053110035132;;;;
;104621;7791829000762;4704163622;01077918290007622147041636221717053110035132;;;;
;104541;7791829000762;6051919070;01077918290007622160519190701717053110035132;;;;
;104601;7791829000762;7497812328;01077918290007622174978123281717053110035132;;;;
;104661;7791829000762;7811826100;01077918290007622178118261001717053110035132;;;;
;104571;7791829000762;8537931329;01077918290007622185379313291717053110035132;;;;
;104631;7791829000762;8998846681;01077918290007622189988466811717053110035132;;;;
;107581;7791909336484;1528339030;010779190933648410AX15C117170930211528339030;;;;
;107591;7791909336484;1549325517;010779190933648410AX15C117170930211549325517;;;;
;107561;7791909336484;1549665514;010779190933648410AX15C117170930211549665514;;;;
;105961;7792183000443;1500309156;0107792183000443211500309156;;;;
;105941;7792183000443;1500309158;0107792183000443211500309158;;;;
;105951;7792183000443;1500309161;0107792183000443211500309161;;;;
;107331;7792183000443;1500309671;0107792183000443211500309671;;;;
;103541;7792183000443;1500312867;0107792183000443211500312867;;;;
;103551;7792183000443;1500312869;0107792183000443211500312869;;;;
;107341;7792183000443;1500313186;0107792183000443211500313186;;;;
;108121;7792183000443;1500315133;0107792183000443211500315133;;;;
;108131;7792183000443;1500315136;0107792183000443211500315136;;;;
;108141;7792183000443;1500315147;0107792183000443211500315147;;;;
;108111;7792183000443;1500315148;0107792183000443211500315148;;;;
;108151;7792183000443;1500315149;0107792183000443211500315149;;;;
;103501;7792183002928;1500360204;0107792183002928211500360204;;;;
;103511;7792183487268;1500170501;0107792183487268211500170501;;;;
;103521;7792183487268;1500170503;0107792183487268211500170503;;;;
;105271;7792183488647;1500584479;0107792183488647211500584479;;;;
;105251;7792183488647;1500584481;0107792183488647211500584481;;;;
;105221;7792183488647;1500584494;0107792183488647211500584494;;;;
;105191;7792183488647;1500584496;0107792183488647211500584496;;;;
;105241;7792183488647;1500584497;0107792183488647211500584497;;;;
;105211;7792183488647;1500584661;0107792183488647211500584661;;;;
;105261;7792183488647;1500584667;0107792183488647211500584667;;;;
;105181;7792183488647;1500584668;0107792183488647211500584668;;;;
;105201;7792183488647;1500584669;0107792183488647211500584669;;;;
;105231;7792183488647;1500584893;0107792183488647211500584893;;;;
;108221;7792183488647;1500585976;0107792183488647211500585976;;;;
;108171;7792183488647;1500586019;0107792183488647211500586019;;;;
;108211;7792183488647;1500586021;0107792183488647211500586021;;;;
;107551;7792183488647;1500586022;0107792183488647211500586022;;;;
;107541;7792183488647;1500586023;0107792183488647211500586023;;;;
;108191;7792183488647;1500586024;0107792183488647211500586024;;;;
;108101;7792183488647;1500586030;0107792183488647211500586030;;;;
;108161;7792183488647;1500586036;0107792183488647211500586036;;;;
;108181;7792183488647;1500586039;0107792183488647211500586039;;;;
;108201;7792183488647;1500586040;0107792183488647211500586040;;;;
;105391;7792183488814;1500237358;0107792183488814211500237358;;;;
;108361;7792183488814;1500241095;0107792183488814211500241095;;;;
;107531;7792183488814;1500241465;0107792183488814211500241465;;;;
;107521;7792183488814;1500241499;0107792183488814211500241499;;;;
;107501;7792183488814;1500241509;0107792183488814211500241509;;;;
;107511;7792183488814;1500241512;0107792183488814211500241512;;;;
;107491;7792183488814;1500241590;0107792183488814211500241590;;;;
;107091;7792183488821;1500052033;0107792183488821211500052033;;;;
;105681;7792183488821;1500052049;0107792183488821211500052049;;;;
;108661;7792183488821;1500053477;0107792183488821211500053477;;;;
;108411;7792183488821;1500055093;0107792183488821211500055093;;;;
;106251;7792219000164;13784098;01077922190001642113784098102221317170625;;;;
;103871;7792371015150;12864933;010779237101515021128649331718031110M3529B01;;;;
;103881;7792371015150;25338618;010779237101515021253386181718031110M3529B01;;;;
;103851;7792371015150;32279049;010779237101515021322790491718031110M3529B01;;;;
;103911;7792371015150;41849931;010779237101515021418499311718031110M3529B01;;;;
;103901;7792371015150;42394001;010779237101515021423940011718031110M3529B01;;;;
;103891;7792371015150;53047102;010779237101515021530471021718031110M3529B01;;;;
;103921;7792371015150;63554512;010779237101515021635545121718031110M3529B01;;;;
;103841;7792371015150;66797575;010779237101515021667975751718031110M3529B01;;;;
;103861;7792371015150;79589683;010779237101515021795896831718031110M3529B01;;;;
;103831;7792371015150;98066554;010779237101515021980665541718031110M3529B01;;;;
;106001;7792371074034;54084008;010779237107403421540840081717063010B6110B01;;;;
;108321;7792371238931;66812;010779237123893121000668121719022810N7070B09;;;;
;105701;7792371238931;17952852;010779237123893121179528521719022810n7070b09;;;;
;108751;7792371238931;30890779;010779237123893121308907791719033110N7077B13;;;;
;107231;7792371238931;58641959;010779237123893121586419591719033110N7077B13;;;;
;104451;7792371238931;59898483;010779237123893121598984831719022810n7070b09;;;;
;102941;7792371238931;74969588;010779237123893121749695881719022810N7070B09;;;;
;102931;7792371238931;76622182;010779237123893121766221821719022810N7070B09;;;;
;107241;7792371238931;82066077;010779237123893121820660771719033110N7077B13;;;;
;103401;7792371238931;83076967;010779237123893121830769671719022810n7070b09;;;;
;108761;7792371238931;92218027;010779237123893121922180271719033110N7077B13;;;;
;103391;7792371398369;17680501;010779237139836921176805011717043010h0117b20;;;;
;108331;7792371398369;47245266;010779237139836921472452661717043010H0118B10;;;;
;108241;7792371398369;82314403;010779237139836921823144031717043010H0118B10;;;;
;107141;7793397080122;29375;01077933970801222100029375;;;;
;107151;7793397080122;29426;01077933970801222100029426;;;;
;107181;7793397080122;29587;01077933970801222100029587;;;;
;107171;7793397080122;30417;01077933970801222100030417;;;;
;107161;7793397080122;30426;01077933970801222100030426;;;;
;107201;7793569000040;373326430;0107793569000040210373326430171707311031475;;;;
;107191;7793569000040;6857611521;0107793569000040216857611521171707311031475;;;;
;111211;7793569000873;7741988035;0107793569000873217741988035171711301032593;;;;
;111201;7793569000873;8047657179;0107793569000873218047657179171711301032593;;;;
;102551;7793569003638;1353460463;0107793569003638211353460463171706301031474;;;;
;102451;7793569003638;2159817085;0107793569003638212159817085171706301031474;;;;
;102531;7793569003638;2228902295;0107793569003638212228902295171706301031474;;;;
;102431;7793569003638;3014389147;0107793569003638213014389147171706301031474;;;;
;102581;7793569003638;3034472387;0107793569003638213034472387171706301031474;;;;
;102571;7793569003638;3748719237;0107793569003638213748719237171706301031474;;;;
;102461;7793569003638;4172250559;0107793569003638214172250559171706301031474;;;;
;102471;7793569003638;4638469645;0107793569003638214638469645171706301031474;;;;
;102621;7793569003638;4689056077;0107793569003638214689056077171706301031474;;;;
;102521;7793569003638;4757861906;0107793569003638214757861906171706301031474;;;;
;102481;7793569003638;5216864164;0107793569003638215216864164171706301031474;;;;
;102441;7793569003638;5468906244;0107793569003638215468906244171706301031474;;;;
;102541;7793569003638;6460216946;0107793569003638216460216946171706301031474;;;;
;102591;7793569003638;7321140359;0107793569003638217321140359171706301031474;;;;
;102511;7793569003638;7502620457;0107793569003638217502620457171706301031474;;;;
;102611;7793569003638;7729607082;0107793569003638217729607082171706301031474;;;;
;102561;7793569003638;8681147917;0107793569003638218681147917171706301031474;;;;
;102491;7793569003638;8777922248;0107793569003638218777922248171706301031474;;;;
;102501;7793569003638;9242864911;0107793569003638219242864911171706301031474;;;;
;102601;7793569003638;9835879061;0107793569003638219835879061171706301031474;;;;
;105371;7793569005496;7865644708;0107793569005496217865644708171704301031010;;;;
;106021;7793640215585;515528812435;010779364021558521515528812435;;;;
;106011;7793640215585;543891573705;010779364021558521543891573705;;;;
;106471;7794220000614;20021215749355925417;010779422000061421200212157493559254171719093010lc614;;;;
;103021;7794220000614;20021315739661745114;010779422000061421200213157396617451141719093010lc614;;;;
;106491;7794220000614;20024215739159885517;010779422000061421200242157391598855171719093010lc614;;;;
;105051;7794220000614;20025215719152945112;010779422000061421200252157191529451121719093010LC614;;;;
;107051;7794220000614;21020315709093835716;010779422000061421210203157090938357161719093010LC614;;;;
;103011;7794220000614;21026315719163745115;010779422000061421210263157191637451151719093010lc614;;;;
;105021;7794220000614;21027215709956815314;010779422000061421210272157099568153141719093010LC614;;;;
;103061;7794220000614;22019315188228125011;010779422000061421220193151882281250111719093010lc614;;;;
;103051;7794220000614;22022505880806345718;010779422000061421220225058808063457181719093010lc614;;;;
;103041;7794220000614;22028505880009305614;010779422000061421220285058800093056141719093010lc614;;;;
;106501;7794220000614;22029215799558825012;010779422000061421220292157995588250121719093010lc614;;;;
;107011;7794220000614;23025215749956855514;010779422000061421230252157499568555141719093010LC614;;;;
;106511;7794220000614;23026215709659825710;010779422000061421230262157096598257101719093010lc614;;;;
;106481;7794220000614;23027215739253865011;010779422000061421230272157392538650111719093010lc614;;;;
;105031;7794220000614;23029215769359825514;010779422000061421230292157693598255141719093010LC614;;;;
;105011;7794220000614;24020215739955925415;010779422000061421240202157399559254151719093010LC614;;;;
;105061;7794220000614;25021215799856825210;010779422000061421250212157998568252101719093010LC614;;;;
;107031;7794220000614;25022315759090885618;010779422000061421250223157590908856181719093010LC614;;;;
;106461;7794220000614;25026215769350945618;010779422000061421250262157693509456181719093010lc614;;;;
;107021;7794220000614;25026315759093815618;010779422000061421250263157590938156181719093010LC614;;;;
;107041;7794220000614;25028315779292825513;010779422000061421250283157792928255131719093010LC614;;;;
;103031;7794220000614;26026315709065765213;010779422000061421260263157090657652131719093010lc614;;;;
;105041;7794220000614;27029215769251985516;010779422000061421270292157692519855161719093010LC614;;;;
;107061;7794220000614;28021315729390775012;010779422000061421280213157293907750121719093010LC614;;;;
;108481;7794640261336;G022857081;010779464026133621g0228570811718063010'jy2u;;;;
;108491;7794640261336;G534921493;010779464026133621g5349214931718063010'jy2u;;;;
;107781;7794640261336;G571524016;010779464026133621G5715240161718063010'JY2U;;;;
;107771;7794640261336;G647508673;010779464026133621G6475086731718063010'JY2U;;;;
;104741;7794640263033;1127923384;01077946402630331718053110628211127923384;;;;
;106361;7794640263057;G329579647;010779464026305721g3295796471718022810164505;;;;
;106331;7794640263057;G550239953;010779464026305721g5502399531718022810164505;;;;
;106341;7794640263057;G591672480;010779464026305721g5916724801718022810164505;;;;
;106351;7794640263057;G726387448;010779464026305721g7263874481718022810164505;;;;
;103231;7794640401701;G493267453;010779464040170121G4932674531718043010GL8G;;;;
;103491;7794640820311;G349397157;010779464082031121G34939715717180228101059249;;;;
;105661;7795302000171;20008215077963882312;010779530200017121200082150779638823121717092810kx020;;;;
;108511;7795302180149;21030115321365625916;010779530218014921210301153213656259161717073110151108;;;;
;107851;7795302180149;23039115331265465414;010779530218014921230391153312654654141717073110151108;;;;
;107841;7795302180149;24031115341968465014;010779530218014921240311153419684650141717073110151108;;;;
;108501;7795302180149;27031115301163665618;010779530218014921270311153011636656181717073110151108;;;;
;107831;7795302180149;27033115311663425115;010779530218014921270331153116634251151717073110151108;;;;
;107821;7795302180149;28034115311061395913;010779530218014921280341153110613959131717073110151108;;;;
;107871;7795302180309;20023315800141705215;010779530218030921200233158001417052151717022810150806;;;;
;108521;7795302180309;21024015830923995913;010779530218030921210240158309239959131717022810150806;;;;
;107861;7795302180309;24021015810525975311;010779530218030921240210158105259753111717022810150806;;;;
;108051;7795302303708;30626262314;0107795302303708171706302100030626262314103001103g00;;;;
;108061;7795302303708;75594444384;0107795302303708171706302100075594444384103001103g00;;;;
;108071;7795302303708;93871348092;0107795302303708171706302100093871348092103001103g00;;;;
;107571;7791909336484;1549485518;0107795302303708171706302100093871348092103001103G0001;;;;
;105641;7795306001198;48;0107795306001198210000000048;;;;
;105791;7795306001228;1339;010779530600122810B000217161130210000001339;;;;
;107761;7795306001228;2088;010779530600122810B000217161130210000002088;;;;
;107751;7795306001228;2094;010779530600122810B000217161130210000002094;;;;
;107741;7795306001228;2104;010779530600122810B000217161130210000002104;;;;
;105781;7795306001228;2807;010779530600122810B000217161130210000002807;;;;
;105801;7795306001228;2814;010779530600122810B000217161130210000002814;;;;
;106401;7795306001228;5814;010779530600122810b000217161130210000005814;;;;
;106411;7795306001228;5818;010779530600122810b000217161130210000005818;;;;
;107811;7795306011159;58711;0107795306011159210000058711;;;;
;107801;7795306011159;58712;0107795306011159210000058712;;;;
;107791;7795306011159;58713;0107795306011159210000058713;;;;
;105761;7795306011159;62071;0107795306011159210000062071;;;;
;105851;7795306104196;256105;010779530610419610B595617180630210000256105;;;;
;105871;7795306104196;256123;010779530610419610B595617180630210000256123;;;;
;105861;7795306104196;256128;010779530610419610B595617180630210000256128;;;;
;107631;7795306104196;272876;010779530610419610B595617180630210000272876;;;;
;107671;7795306104196;272896;010779530610419610B595617180630210000272896;;;;
;107621;7795306104196;272899;010779530610419610B595617180630210000272899;;;;
;107661;7795306104196;272900;010779530610419610B595617180630210000272900;;;;
;107651;7795306104196;272904;010779530610419610B595617180630210000272904;;;;
;107611;7795306104196;272907;010779530610419610B595617180630210000272907;;;;
;107601;7795306104196;272929;010779530610419610B595617180630210000272929;;;;
;107641;7795306104196;273075;010779530610419610B595617180630210000273075;;;;
;106301;7795306104196;210829;0107795306104196210000210829;;;;
;106281;7795306104196;210868;0107795306104196210000210868;;;;
;106311;7795306104196;210879;0107795306104196210000210879;;;;
;106321;7795306104196;210880;0107795306104196210000210880;;;;
;106291;7795306104196;210881;0107795306104196210000210881;;;;
;108021;7795306150599;66734;01077953061505991040314117170331210000066734;;;;
;108001;7795306150599;66735;01077953061505991040314117170331210000066735;;;;
;108011;7795306150599;66756;01077953061505991040314117170331210000066756;;;;
;108031;7795306150599;66776;01077953061505991040314117170331210000066776;;;;
;107981;7795306150599;66779;01077953061505991040314117170331210000066779;;;;
;108041;7795306150599;66780;01077953061505991040314117170331210000066780;;;;
;107991;7795306150599;66868;01077953061505991040314117170331210000066868;;;;
;104851;7795306151824;24589;010779530615182410h555617180331210000024589;;;;
;104841;7795306151824;24590;010779530615182410h555617180331210000024590;;;;
;104861;7795306151824;24594;010779530615182410h555617180331210000024594;;;;
;104881;7795306151824;24595;010779530615182410h555617180331210000024595;;;;
;104771;7795306151824;24596;010779530615182410h555617180331210000024596;;;;
;104781;7795306151824;24597;010779530615182410h555617180331210000024597;;;;
;104871;7795306151824;24679;010779530615182410h555617180331210000024679;;;;
;104831;7795306151824;24680;010779530615182410h555617180331210000024680;;;;
;104801;7795306151824;24681;010779530615182410h555617180331210000024681;;;;
;104811;7795306151824;24682;010779530615182410h555617180331210000024682;;;;
;104821;7795306151824;24686;010779530615182410h555617180331210000024686;;;;
;104791;7795306151824;24687;010779530615182410h555617180331210000024687;;;;
;108561;7795306289367;51562;010779530628936710s0168a17170228210000051562;;;;
;108551;7795306289367;51563;010779530628936710s0168a17170228210000051563;;;;
;105771;7795306289367;37797;0107795306289367210000037797;;;;
;105991;7795306293043;78221693;01077953062930432178221693;;;;
;104991;7795306398700;21296;010779530639870010152017817171130210000021296;;;;
;105001;7795306398700;21491;010779530639870010152017817171130210000021491;;;;
;107971;7795306399349;17696;010779530639934910151588817171130210000017696;;;;
;107961;7795306399349;17711;010779530639934910151588817171130210000017711;;;;
;107951;7795306399349;17757;010779530639934910151588817171130210000017757;;;;
;103371;7795312002202;43765340;01077953120022022100437653401718022810b5180b01;;;;
;106451;7795312002202;1760394039;01077953120022022117603940391718063010b5465b02;;;;
;108431;7795312002202;2587898831;01077953120022022125878988311718063010b5465b02;;;;
;105921;7795312002202;2726126058;01077953120022022127261260581718022810b5180b01;;;;
;106521;7795312002202;4182414710;01077953120022022141824147101718022810b5180b01;;;;
;106531;7795312002202;5508227202;01077953120022022155082272021718022810b5180b01;;;;
;108091;7795312002202;6168661198;01077953120022022161686611981718063010b5465b02;;;;
;103381;7795312002202;8875389379;01077953120022022188753893791718022810b5180b01;;;;
;104891;7795312002288;7553845420;010779531200228821755384542017180430101 09785;;;;
;108611;7795312107860;1479057787;01077953121078602114790577871718073110536916;;;;
;108601;7795312107860;6097328516;01077953121078602160973285161718073110536916;;;;
;104731;7795312107976;39021029;010779531210797621003902102917170331105c99c;;;;
;105841;7795312107976;1367950474;010779531210797621136795047417170331105C99C;;;;
;105831;7795312107976;3518108841;010779531210797621351810884117170331105C99C;;;;
;108441;7795312107976;5092570259;010779531210797621509257025917170331105c99c;;;;
;105821;7795312107976;6638182144;010779531210797621663818214417170331105C99C;;;;
;106031;7795314023441;G448908425;010779531402344121G4489084251716013110FBS3107;;;;
;103951;7795314023762;3144853235;01077953140237622131448532351717033110FCL9W00.A;;;;
;103961;7795314023762;9666241087;01077953140237622196662410871717033110FCL9W00.A;;;;
;105311;7795314025445;G068917624;010779531402544521g0689176241718033110fdm34013.a;;;;
;105351;7795314025445;G305542531;010779531402544521g3055425311718033110fdm34013.a;;;;
;105331;7795314025445;G679857674;010779531402544521g6798576741718033110fdm34013.a;;;;
;105321;7795314025445;G940570220;010779531402544521g9405702201718033110fdm34013.a;;;;
;105341;7795314025445;G963680224;010779531402544521g9636802241718033110fdm34013.a;;;;
;105071;7795314025506;G302322266;010779531402550621G302322266171702281014M011MK;;;;
;108711;7795314025506;G372136618;010779531402550621G372136618171702281014M011MK;;;;
;105971;7795314025506;G866618765;010779531402550621g866618765171702281014m051mq;;;;
;111191;7795314026961;1389257639;01077953140269612113892576391717063010EGZU700;;;;
;111181;7795314026961;6113115809;01077953140269612161131158091717063010EGZU700;;;;
;111171;7795314026961;6360128869;01077953140269612163601288691717063010EGZU700;;;;
;102951;7795314026961;7985849399;01077953140269612179858493991717053110EFZTW00'3;;;;
;102961;7795314026961;8748806956;01077953140269612187488069561717053110EFZTW00'3;;;;
;111161;7795314026961;8750071662;01077953140269612187500716621717063010EGZU700;;;;
;105911;7795314027784;G069824418;010779531402778421G0698244181717043010FES2M00;;;;
;105901;7795314027784;G274546578;010779531402778421G2745465781717043010FES2M00;;;;
;106441;7795314891552;1882658100;01077953148915522118826581001718013110fbb3a00;;;;
;106431;7795314891552;2030057577;01077953148915522120300575771718013110fbb3a00;;;;
;106421;7795314891552;5520951631;01077953148915522155209516311718013110fbb3a00;;;;
;105651;7795316005049;137826;01077953160050492100001378261717113010c3771 c3;;;;
;108351;7795316005049;137834;01077953160050492100001378341717113010c3771 c3;;;;
;108341;7795316005049;140087;01077953160050492100001400871717113010c3771 c3;;;;
;104681;7795317004713;6222453797;01077953170047132162224537971717083110193288;;;;
;104701;7795317004713;6268647588;01077953170047132162686475881717083110193288;;;;
;104671;7795317004713;8185609440;01077953170047132181856094401717083110193288;;;;
;104691;7795317004713;8812562351;01077953170047132188125623511717083110193288;;;;
;104711;7795317004713;9381513893;01077953170047132193815138931717083110193288;;;;
;108081;7795326000232;3406012717;01077953260002322134060127171717022810p63222;;;;
;103641;7795335000643;1918350190;0107795335000643211918350190171703101032307;;;;
;103651;7795335000643;3076918018;0107795335000643213076918018171703101032307;;;;
;103681;7795335000643;3821003465;0107795335000643213821003465171703101032307;;;;
;103721;7795335000643;3940887854;0107795335000643213940887854171703101032307;;;;
;103661;7795335000643;4424935343;0107795335000643214424935343171703101032307;;;;
;103701;7795335000643;5909882292;0107795335000643215909882292171703101032307;;;;
;103631;7795335000643;6705592184;0107795335000643216705592184171609261030979;;;;
;103691;7795335000643;7583865254;0107795335000643217583865254171703101032307;;;;
;103711;7795335000643;8240843455;0107795335000643218240843455171703101032307;;;;
;103671;7795335000643;8670551950;0107795335000643218670551950171703101032307;;;;
;109001;7795335001374;322654276;0107795335001374210322654276171705081031826;;;;
;109041;7795335001374;685730131;0107795335001374210685730131171705081031826;;;;
;108981;7795335001374;1926359655;0107795335001374211926359655171705081031826;;;;
;109021;7795335001374;2579038011;0107795335001374212579038011171705081031826;;;;
;108971;7795335001374;3521862282;0107795335001374213521862282171705081031826;;;;
;109011;7795335001374;4076895005;0107795335001374214076895005171705081031826;;;;
;109051;7795335001374;5398036698;0107795335001374215398036698171705081031826;;;;
;108991;7795335001374;6780743354;0107795335001374216780743354171705081031826;;;;
;109031;7795335001374;9057955792;0107795335001374219057955792171705081031826;;;;
;111101;7795335002203;63342772;0107795335002203210063342772171707311033021;;;;
;111131;7795335002203;386937595;0107795335002203210386937595171707311033021;;;;
;111151;7795335002203;4147575330;0107795335002203214147575330171707311033021;;;;
;111121;7795335002203;4613296439;0107795335002203214613296439171707311033021;;;;
;111141;7795335002203;4907349056;0107795335002203214907349056171707311033021;;;;
;111111;7795335002203;9569546341;0107795335002203219569546341171707311033021;;;;
;103481;7795342001718;7010111;0107795342001718210007010111;;;;
;105471;7795342001718;864781940;0107795342001718210864781940;;;;
;105441;7795342001718;1334227081;0107795342001718211334227081;;;;
;105451;7795342001718;2938285089;0107795342001718212938285089;;;;
;105411;7795342001718;3908146517;0107795342001718213908146517;;;;
;105461;7795342001718;3983984631;0107795342001718213983984631;;;;
;105421;7795342001718;6358302367;0107795342001718216358302367;;;;
;105481;7795342001718;8552778294;0107795342001718218552778294;;;;
;105431;7795342001718;8636484030;0107795342001718218636484030;;;;
;105491;7795342001718;9544997121;0107795342001718219544997121;;;;
;105981;7795348000159;45760000466;01077953480001592145760000466;;;;
;107381;7795348000258;44505001315;01077953480002582144505001315;;;;
;111061;7795348000326;47422000258;01077953480003262147422000258;;;;
;111071;7795348000326;47422000260;01077953480003262147422000260;;;;
;111081;7795348000326;47422000435;01077953480003262147422000435;;;;
;108371;7795348000357;46898003132;01077953480003572146898003132;;;;
;104721;7795348002979;48448002085;01077953480029792148448002085;;;;
;102051;7795367000376;88739408;010779536700037621887394081717073110G275A;;;;
;102041;7795367000376;93516098;010779536700037621935160981717073110G275A;;;;
;107211;7795367001755;23794126;010779536700175521237941261717073110G340A;;;;
;104491;7795367003360;5581638;010779536700336021055816381717093010g602b;;;;
;104501;7795367003360;7024680;010779536700336021070246801717093010g602b;;;;
;106631;7795373014381;83523;0107795373014381171705311084210000083523;;;;
;106551;7795373014381;90490;0107795373014381171705311084210000090490;;;;
;106571;7795373014381;90495;0107795373014381171705311084210000090495;;;;
;106561;7795373014381;90500;0107795373014381171705311084210000090500;;;;
;106581;7795373014381;90558;0107795373014381171705311084210000090558;;;;
;106591;7795373014381;92743;0107795373014381171705311084210000092743;;;;
;106601;7795373014381;92745;0107795373014381171705311084210000092745;;;;
;106541;7795373014381;92746;0107795373014381171705311084210000092746;;;;
;106611;7795373014381;100293;0107795373014381171705311084210000100293;;;;
;106621;7795373014381;100328;0107795373014381171705311084210000100328;;;;
;102001;7795378004882;38526;01077953780048822100000385261717033110170753;;;;
;105291;7795378004882;38531;01077953780048822100000385311717033110170753;;;;
;105611;7795378004882;40008;01077953780048822100000400081717033110170753;;;;
;105601;7795378004882;40009;01077953780048822100000400091717033110170753;;;;
;105631;7795378004882;40010;01077953780048822100000400101717033110170753;;;;
;105621;7795378004882;40013;01077953780048822100000400131717033110170753;;;;
;107001;7795378004882;40303;01077953780048822100000403031717033110170753;;;;
;105301;7795378004882;42165;01077953780048822100000421651717033110170753;;;;
;103941;7795378004882;42166;01077953780048822100000421661717033110170753;;;;
;108421;7795381000284;37201464;01077953810002841716113010j86652-22137201464;;;;
;108231;7795381000284;75956224;01077953810002841716113010J86652-22175956224;;;;
;107111;7795381000659;6895770;01077953810006591717022810L399762106895770;;;;
;107321;7795381000659;19006881;01077953810006591717022810L399762119006881;;;;
;108691;7795381000659;42704556;01077953810006591717022810L399762142704556;;;;
;108681;7795381000659;46421991;01077953810006591717022810L399762146421991;;;;
;105931;7795381000659;54345191;01077953810006591717022810l399762154345191;;;;
;108701;7795381000659;74683363;01077953810006591717022810L399762174683363;;;;
;107101;7795381000659;88882927;01077953810006591717022810L399762188882927;;;;
;105401;7795381000659;26951078;01077953810006591717073110M245122126951078;;;;
;105081;7795381000659;65299437;01077953810006591717073110M245122165299437;;;;
;105091;7795381000659;80222215;01077953810006591717073110M245122180222215;;;;
;107711;7795381000956;7248924;01077953810009561717063010F327-52107248924;;;;
;107721;7795381000956;7271769;01077953810009561717063010F327-52107271769;;;;
;107731;7795381000956;7292147;01077953810009561717063010F327-52107292147;;;;
;108451;7795381000956;7383020;01077953810009561717063010f327-52107383020;;;;
;108461;7795381000956;7433152;01077953810009561717063010f327-52107433152;;;;
;108471;7795381000956;7437326;01077953810009561717063010f327-52107437326;;;;
;104761;7795381000956;7553892;01077953810009561717063010f327-52107553892;;;;
;104751;7795381000956;7562113;01077953810009561717063010f327-52107562113;;;;
;108671;7795381410458;557518;01077953814104581716103110E105767332100557518;;;;
;102981;7795990000767;1050005151;0107795990000767211050005151;;;;
;102991;7795990000767;1050005158;0107795990000767211050005158;;;;
;103411;7795990000767;1050005162;0107795990000767211050005162;;;;
;107361;7795990000767;1050006036;0107795990000767211050006036;;;;
;107371;7795990000767;1050006040;0107795990000767211050006040;;;;
;107351;7795990000767;1050006048;0107795990000767211050006048;;;;
;103431;7795990000767;1050008921;0107795990000767211050008921;;;;
;103421;7795990000767;1060009643;0107795990000767211060009643;;;;
;103001;7795990000767;1060009654;0107795990000767211060009654;;;;
;102971;7795990000767;1060009657;0107795990000767211060009657;;;;
;104511;7795990000774;1050001164;0107795990000774211050001164;;;;
;104521;7795990000774;1050001168;0107795990000774211050001168;;;;
;107271;7795990000774;1050001330;0107795990000774211050001330;;;;
;107281;7795990000774;1050001332;0107795990000774211050001332;;;;
;107251;7795990000774;1050001333;0107795990000774211050001333;;;;
;107261;7795990000774;1050001356;0107795990000774211050001356;;;;
;104961;7795990001566;10875;0107795990001566210000000108751716093010c422169d;;;;
;104971;7795990001566;25095;0107795990001566210000000250951716093010c422169d;;;;
;104951;7795990001566;84401;0107795990001566210000000844011716093010c422169d;;;;
;102741;7796035474161;54167193;010779603547416121005416719317170531100010065626;;;;
;102631;7796035474161;150818731;010779603547416121015081873117170531100010065626;;;;
;102901;7796035474161;308565630;010779603547416121030856563017170531100010065626;;;;
;103441;7796035474161;1637767463;010779603547416121163776746317170531100010065626;;;;
;102681;7796035474161;1999593407;010779603547416121199959340717170531100010065626;;;;
;102751;7796035474161;2336891432;010779603547416121233689143217170531100010065626;;;;
;102871;7796035474161;2955849458;010779603547416121295584945817170531100010065626;;;;
;102771;7796035474161;3028647211;010779603547416121302864721117170531100010065626;;;;
;102801;7796035474161;3193141738;010779603547416121319314173817170531100010065626;;;;
;102861;7796035474161;3539835186;010779603547416121353983518617170531100010065626;;;;
;102791;7796035474161;3717326366;010779603547416121371732636617170531100010065626;;;;
;102811;7796035474161;3891196253;010779603547416121389119625317170531100010065626;;;;
;102831;7796035474161;4267977045;010779603547416121426797704517170531100010065626;;;;
;102661;7796035474161;4600766594;010779603547416121460076659417170531100010065626;;;;
;102711;7796035474161;4702789496;010779603547416121470278949617170531100010065626;;;;
;103471;7796035474161;4741459186;010779603547416121474145918617170531100010065626;;;;
;102821;7796035474161;4929513469;010779603547416121492951346917170531100010065626;;;;
;102921;7796035474161;5087047704;010779603547416121508704770417170531100010065626;;;;
;102881;7796035474161;5739901004;010779603547416121573990100417170531100010065626;;;;
;102761;7796035474161;6458732638;010779603547416121645873263817170531100010065626;;;;
;102651;7796035474161;6997589127;010779603547416121699758912717170531100010065626;;;;
;103461;7796035474161;7495290560;010779603547416121749529056017170531100010065626;;;;
;102851;7796035474161;7547344272;010779603547416121754734427217170531100010065626;;;;
;102841;7796035474161;7707068388;010779603547416121770706838817170531100010065626;;;;
;102731;7796035474161;8011829014;010779603547416121801182901417170531100010065626;;;;
;102911;7796035474161;8110606564;010779603547416121811060656417170531100010065626;;;;
;102781;7796035474161;8129107089;010779603547416121812910708917170531100010065626;;;;
;102671;7796035474161;8415228561;010779603547416121841522856117170531100010065626;;;;
;102721;7796035474161;8801025065;010779603547416121880102506517170531100010065626;;;;
;102641;7796035474161;9255708900;010779603547416121925570890017170531100010065626;;;;
;102891;7796035474161;9325806796;010779603547416121932580679617170531100010065626;;;;
;102691;7796035474161;9332239304;010779603547416121933223930417170531100010065626;;;;
;103451;7796035474161;9345950167;010779603547416121934595016717170531100010065626;;;;
;102701;7796035474161;9852079897;010779603547416121985207989717170531100010065626;;;;
;102031;7796285050122;2228198408;010779628505012221222819840817170131106508;;;;
;102011;7796285050122;3742174697;010779628505012221374217469717170131106508;;;;
;102021;7796285050122;5252293507;010779628505012221525229350717170131106508;;;;
;104981;7796285051297;2683042693;010779628505129717170630107762212683042693;;;;
;107131;7797991146819;766340044;01077979911468192107663400441717103110ARG0292;;;;
;107121;7797991146819;7476074592;01077979911468192174760745921717103110ARG0292;;;;
;108401;7797991150199;9044642524;01077979911501992190446425241717043010arg0323;;;;
;103181;7798007801838;3474722;01077980078018382103474722;;;;
;103221;7798007801838;13804247;01077980078018382113804247;;;;
;103211;7798007801838;14900282;01077980078018382114900282;;;;
;103201;7798007801838;20111658;01077980078018382120111658;;;;
;103191;7798007801838;96886086;01077980078018382196886086;;;;
;108931;7798007802965;241702930;0107798007802965210241702930171605311076i3210501;;;;
;108851;7798007802965;539244625;0107798007802965210539244625171605311076i3210501;;;;
;108871;7798007802965;1105817272;0107798007802965211105817272171605311076i3210501;;;;
;108821;7798007802965;1132716333;0107798007802965211132716333171605311076i3210501;;;;
;108811;7798007802965;1297165085;0107798007802965211297165085171605311076i3210501;;;;
;108881;7798007802965;4283625413;0107798007802965214283625413171605311076i3210501;;;;
;108891;7798007802965;5667597700;0107798007802965215667597700171605311076i3210501;;;;
;108901;7798007802965;5789665667;0107798007802965215789665667171605311076i3210501;;;;
;108961;7798007802965;6440907283;0107798007802965216440907283171605311076i3210501;;;;
;108941;7798007802965;7347348973;0107798007802965217347348973171605311076i3210501;;;;
;108801;7798007802965;7355035748;0107798007802965217355035748171605311076i3210501;;;;
;108861;7798007802965;7553394144;0107798007802965217553394144171605311076i3210501;;;;
;108911;7798007802965;7670619369;0107798007802965217670619369171605311076i3210501;;;;
;108951;7798007802965;9417090492;0107798007802965219417090492171605311076i3210501;;;;
;108841;7798007802965;9640205094;0107798007802965219640205094171605311076i3210501;;;;
;108831;7798007802965;9845510018;0107798007802965219845510018171605311076i3210501;;;;
;108921;7798007802965;9907030592;0107798007802965219907030592171605311076i3210501;;;;
;105691;7798008271937;G314533830;010779800827193721g3145338301718033110aad8702;;;;
;104471;7798008271937;G626655415;010779800827193721g6266554151717073110aac0755;;;;
;104461;7798008271937;G628354871;010779800827193721g6283548711717073110aac0755;;;;
;103531;7798008271951;G659513310;010779800827195121G6595133101717093010AAD2386;;;;
;105811;7798011830213;3712717012;01077980118302132137127170121719043010407140;;;;
;104071;7798028710195;110899;0107798028710195210000110899;;;;
;104051;7798028710195;110920;0107798028710195210000110920;;;;
;104111;7798028710195;111357;0107798028710195210000111357;;;;
;104081;7798028710195;111358;0107798028710195210000111358;;;;
;104091;7798028710195;111374;0107798028710195210000111374;;;;
;104101;7798028710195;111375;0107798028710195210000111375;;;;
;104061;7798028710195;111379;0107798028710195210000111379;;;;
;104191;7798028710195;120773;0107798028710195210000120773;;;;
;104141;7798028710195;121333;0107798028710195210000121333;;;;
;104151;7798028710195;121335;0107798028710195210000121335;;;;
;104291;7798028710195;121340;0107798028710195210000121340;;;;
;104221;7798028710195;121346;0107798028710195210000121346;;;;
;104211;7798028710195;121347;0107798028710195210000121347;;;;
;104241;7798028710195;121348;0107798028710195210000121348;;;;
;104231;7798028710195;121349;0107798028710195210000121349;;;;
;104201;7798028710195;122006;0107798028710195210000122006;;;;
;104261;7798028710195;122007;0107798028710195210000122007;;;;
;104121;7798028710195;122008;0107798028710195210000122008;;;;
;104301;7798028710195;122009;0107798028710195210000122009;;;;
;104281;7798028710195;122010;0107798028710195210000122010;;;;
;104131;7798028710195;122011;0107798028710195210000122011;;;;
;104171;7798028710195;122016;0107798028710195210000122016;;;;
;104271;7798028710195;122017;0107798028710195210000122017;;;;
;104251;7798028710195;122019;0107798028710195210000122019;;;;
;104181;7798028710195;122326;0107798028710195210000122326;;;;
;104161;7798028710195;122481;0107798028710195210000122481;;;;
;102181;7798028710195;125307;0107798028710195210000125307;;;;
;102171;7798028710195;125308;0107798028710195210000125308;;;;
;102131;7798028710195;125310;0107798028710195210000125310;;;;
;102161;7798028710195;125311;0107798028710195210000125311;;;;
;102321;7798028710195;125319;0107798028710195210000125319;;;;
;102201;7798028710195;125325;0107798028710195210000125325;;;;
;102331;7798028710195;125326;0107798028710195210000125326;;;;
;102371;7798028710195;125977;0107798028710195210000125977;;;;
;102411;7798028710195;125982;0107798028710195210000125982;;;;
;102231;7798028710195;125985;0107798028710195210000125985;;;;
;102251;7798028710195;125993;0107798028710195210000125993;;;;
;102421;7798028710195;125994;0107798028710195210000125994;;;;
;102271;7798028710195;125996;0107798028710195210000125996;;;;
;102391;7798028710195;125998;0107798028710195210000125998;;;;
;102261;7798028710195;126000;0107798028710195210000126000;;;;
;102191;7798028710195;126174;0107798028710195210000126174;;;;
;102151;7798028710195;126177;0107798028710195210000126177;;;;
;102351;7798028710195;127355;0107798028710195210000127355;;;;
;102221;7798028710195;127358;0107798028710195210000127358;;;;
;102241;7798028710195;127359;0107798028710195210000127359;;;;
;102381;7798028710195;127363;0107798028710195210000127363;;;;
;102361;7798028710195;127364;0107798028710195210000127364;;;;
;102341;7798028710195;127367;0107798028710195210000127367;;;;
;102211;7798028710195;127369;0107798028710195210000127369;;;;
;102291;7798028710195;127380;0107798028710195210000127380;;;;
;102401;7798028710195;127381;0107798028710195210000127381;;;;
;102141;7798028710195;127390;0107798028710195210000127390;;;;
;102301;7798028710195;127427;0107798028710195210000127427;;;;
;102311;7798028710195;127431;0107798028710195210000127431;;;;
;102281;7798028710195;127437;0107798028710195210000127437;;;;
;103811;7798035310050;2308772772;01077980353100502123087727721717093010DI176;;;;
;103791;7798035310050;2310230656;01077980353100502123102306561717093010DI176;;;;
;103801;7798035310050;2680471292;01077980353100502126804712921717093010DI176;;;;
;103781;7798035310050;3292198831;01077980353100502132921988311717093010DI176;;;;
;103751;7798035310050;3408792922;01077980353100502134087929221717093010DI176;;;;
;103771;7798035310050;3433424122;01077980353100502134334241221717093010DI176;;;;
;103741;7798035310050;3757392974;01077980353100502137573929741717093010DI176;;;;
;103761;7798035310050;6338448292;01077980353100502163384482921717093010DI176;;;;
;103821;7798035310050;7332960528;01077980353100502173329605281717093010DI176;;;;
;103731;7798035310050;8157105325;01077980353100502181571053251717093010DI176;;;;
;107431;7798035310548;322248073;01077980353105482103222480731717103110DJ194;;;;
;107441;7798035310548;1466214640;01077980353105482114662146401717103110DJ194;;;;
;107401;7798035310548;1832854229;01077980353105482118328542291717103110DJ194;;;;
;107391;7798035310548;6743877814;01077980353105482167438778141717103110DJ194;;;;
;107411;7798035310548;6960381876;01077980353105482169603818761717103110DJ194;;;;
;107421;7798035310548;9921391764;01077980353105482199213917641717103110DJ194;;;;
;107291;7798035310821;4017941924;01077980353108212140179419241718093010DI172;;;;
;107311;7798035310821;5583675424;01077980353108212155836754241718093010DI172;;;;
;107301;7798035310821;7514667654;01077980353108212175146676541718093010DI172;;;;
;108731;7798035310876;2533233353;01077980353108762125332333531717053110DE098;;;;
;103251;7798058931317;104588864;010779805893131721010458886410EC7068517170331;;;;
;103241;7798058931317;104588865;010779805893131721010458886510EC7068517170331;;;;
;108741;7798058931430;104642607;010779805893143021010464260710ES6T79817171031;;;;
;108651;7798083521187;68858620;010779808352118721000068858620;;;;
;108631;7798083521187;105057300;010779808352118721000105057300;;;;
;108621;7798083521187;502168800;010779808352118721000502168800;;;;
;108641;7798083521187;985867900;010779808352118721000985867900;;;;
;102061;7798083959935;38752077;01077980839599351718013110299AG2138752077;;;;
;105381;7798083959935;92127529;01077980839599351718013110299AG2192127529;;;;
;101501;7798084681057;69001241;01077980846810572169001241107748617171026;;;;
;101571;7798084681057;69504478;01077980846810572169504478107748617171026;;;;
;101391;7798084681057;69545283;01077980846810572169545283107748617171026;;;;
;101371;7798084681057;69634205;01077980846810572169634205107748617171026;;;;
;101281;7798084681057;69743221;01077980846810572169743221107748617171026;;;;
;101491;7798084681057;69757460;01077980846810572169757460107748617171026;;;;
;101291;7798084681057;69824609;01077980846810572169824609107748617171026;;;;
;101251;7798084681057;69849490;01077980846810572169849490107748617171026;;;;
;101381;7798084681057;69854856;01077980846810572169854856107748617171026;;;;
;101361;7798084681057;69898667;01077980846810572169898667107748617171026;;;;
;101301;7798084681057;69904954;01077980846810572169904954107748617171026;;;;
;101241;7798084681057;69974963;01077980846810572169974963107748617171026;;;;
;101351;7798084681057;69979783;01077980846810572169979783107748617171026;;;;
;101271;7798084681057;70069335;01077980846810572170069335107748617171026;;;;
;101321;7798084681057;70289007;01077980846810572170289007107748617171026;;;;
;101311;7798084681057;70315992;01077980846810572170315992107748617171026;;;;
;101331;7798084681057;70402023;01077980846810572170402023107748617171026;;;;
;101341;7798084681057;70403046;01077980846810572170403046107748617171026;;;;
;101261;7798084681057;70404766;01077980846810572170404766107748617171026;;;;
;101451;7798084681057;70470129;01077980846810572170470129107748617171026;;;;
;101431;7798084681057;70558695;01077980846810572170558695107748617171026;;;;
;101561;7798084681057;70565210;01077980846810572170565210107748617171026;;;;
;101481;7798084681057;70615749;01077980846810572170615749107748617171026;;;;
;101541;7798084681057;70618628;01077980846810572170618628107748617171026;;;;
;101521;7798084681057;70624455;01077980846810572170624455107748617171026;;;;
;101591;7798084681057;70628989;01077980846810572170628989107748617171026;;;;
;101581;7798084681057;70652642;01077980846810572170652642107748617171026;;;;
;101401;7798084681057;70825073;01077980846810572170825073107748617171026;;;;
;101631;7798084681057;70891327;01077980846810572170891327107748617171026;;;;
;101661;7798084681057;70911498;01077980846810572170911498107748617171026;;;;
;101551;7798084681057;70932223;01077980846810572170932223107748617171026;;;;
;101991;7798084681057;70940050;01077980846810572170940050107748617171026;;;;
;101751;7798084681057;70943123;01077980846810572170943123107748617171026;;;;
;101961;7798084681057;70945618;01077980846810572170945618107748617171026;;;;
;101931;7798084681057;70959109;01077980846810572170959109107748617171026;;;;
;101811;7798084681057;70960324;01077980846810572170960324107748617171026;;;;
;101651;7798084681057;70993347;01077980846810572170993347107748617171026;;;;
;101441;7798084681057;71029209;01077980846810572171029209107748617171026;;;;
;101981;7798084681057;71050189;01077980846810572171050189107748617171026;;;;
;101951;7798084681057;71061340;01077980846810572171061340107748617171026;;;;
;101911;7798084681057;71118565;01077980846810572171118565107748617171026;;;;
;101461;7798084681057;71121068;01077980846810572171121068107748617171026;;;;
;101511;7798084681057;71125591;01077980846810572171125591107748617171026;;;;
;101671;7798084681057;71134089;01077980846810572171134089107748617171026;;;;
;101701;7798084681057;71138971;01077980846810572171138971107748617171026;;;;
;101861;7798084681057;71190356;01077980846810572171190356107748617171026;;;;
;101771;7798084681057;71230781;01077980846810572171230781107748617171026;;;;
;101791;7798084681057;71231051;01077980846810572171231051107748617171026;;;;
;101761;7798084681057;71245420;01077980846810572171245420107748617171026;;;;
;101681;7798084681057;71256827;01077980846810572171256827107748617171026;;;;
;101831;7798084681057;71269131;01077980846810572171269131107748617171026;;;;
;101741;7798084681057;71270514;01077980846810572171270514107748617171026;;;;
;101641;7798084681057;71275277;01077980846810572171275277107748617171026;;;;
;101611;7798084681057;71285093;01077980846810572171285093107748617171026;;;;
;101411;7798084681057;71302240;01077980846810572171302240107748617171026;;;;
;101531;7798084681057;71305433;01077980846810572171305433107748617171026;;;;
;101941;7798084681057;71309005;01077980846810572171309005107748617171026;;;;
;101801;7798084681057;71311487;01077980846810572171311487107748617171026;;;;
;101901;7798084681057;71320133;01077980846810572171320133107748617171026;;;;
;101421;7798084681057;71463344;01077980846810572171463344107748617171026;;;;
;101871;7798084681057;71466062;01077980846810572171466062107748617171026;;;;
;101731;7798084681057;71531137;01077980846810572171531137107748617171026;;;;
;101881;7798084681057;71532273;01077980846810572171532273107748617171026;;;;
;101921;7798084681057;71573458;01077980846810572171573458107748617171026;;;;
;101621;7798084681057;71625766;01077980846810572171625766107748617171026;;;;
;101821;7798084681057;71749507;01077980846810572171749507107748617171026;;;;
;101851;7798084681057;71752123;01077980846810572171752123107748617171026;;;;
;101841;7798084681057;71754387;01077980846810572171754387107748617171026;;;;
;101891;7798084681057;71767652;01077980846810572171767652107748617171026;;;;
;101971;7798084681057;71780854;01077980846810572171780854107748617171026;;;;
;101781;7798084681057;71788892;01077980846810572171788892107748617171026;;;;
;101711;7798084681057;71791308;01077980846810572171791308107748617171026;;;;
;101721;7798084681057;71799588;01077980846810572171799588107748617171026;;;;
;101691;7798084681057;71801650;01077980846810572171801650107748617171026;;;;
;101601;7798084681057;71801847;01077980846810572171801847107748617171026;;;;
;101471;7798084681057;71842569;01077980846810572171842569107748617171026;;;;
;105561;7798084681064;23841097;01077980846810642123841097107748717171027;;;;
;105511;7798084681064;23918750;01077980846810642123918750107748717171027;;;;
;105531;7798084681064;24146573;01077980846810642124146573107748717171027;;;;
;105591;7798084681064;24160101;01077980846810642124160101107748717171027;;;;
;105551;7798084681064;24229973;01077980846810642124229973107748717171027;;;;
;105501;7798084681064;65097429;01077980846810642165097429107748717171027;;;;
;105521;7798084681064;65127753;01077980846810642165127753107748717171027;;;;
;105541;7798084681064;65211770;01077980846810642165211770107748717171027;;;;
;105571;7798084681064;65221655;01077980846810642165221655107748717171027;;;;
;105581;7798084681064;65334460;01077980846810642165334460107748717171027;;;;
;111231;7798084682085;25448173;01077980846820852125448173108150B117161126;;;;
;111221;7798084682085;25700811;01077980846820852125700811108150B117161126;;;;
;105361;7798084682894;29971979;01077980846828942129971979;;;;
;103621;7798084682894;37895216;01077980846828942137895216;;;;
;107481;7798084683051;2281601;0107798084683051210228160110106143417170915;;;;
;107471;7798084683051;2350492;0107798084683051210235049210106143417170915;;;;
;107451;7798084683051;2444335;0107798084683051210244433510106143417170915;;;;
;107461;7798084683051;2628318;0107798084683051210262831810106143417170915;;;;
;103611;7798084683051;26001114;0107798084683051212600111410106143417170915;;;;
;103561;7798084683051;26112088;0107798084683051212611208810106143417170915;;;;
;103591;7798084683051;26372883;0107798084683051212637288310106143417170915;;;;
;103571;7798084683051;26428344;0107798084683051212642834410106143417170915;;;;
;103601;7798084683051;26870833;0107798084683051212687083310106143417170915;;;;
;103581;7798084683051;26911943;0107798084683051212691194310106143417170915;;;;
;108271;7798084683051;54673279;0107798084683051215467327910106143417170915;;;;
;108311;7798084683051;55080528;0107798084683051215508052810106143417170915;;;;
;108301;7798084683051;55617151;0107798084683051215561715110106143417170915;;;;
;108291;7798084683051;55647124;0107798084683051215564712410106143417170915;;;;
;108281;7798084683051;55681110;0107798084683051215568111010106143417170915;;;;
;108261;7798084683051;55740403;0107798084683051215574040310106143417170915;;;;
;107221;7798084683273;88864885;01077980846832732188864885107702617170902;;;;
;107081;7798084683587;21139634;01077980846835872121139634101516827PCAA17161231;;;;
;106261;7798084684232;22918920;01077980846842322122918920108187A117170507;;;;
;106991;7798084684232;23040436;01077980846842322123040436108187A117170507;;;;
;106981;7798084684232;23782012;01077980846842322123782012108187A117170507;;;;
;107071;7798084684232;23821843;01077980846842322123821843108187A117170507;;;;
;106271;7798084684232;23828953;01077980846842322123828953108187A117170507;;;;
;108251;7798084684232;23856621;01077980846842322123856621108187A117170507;;;;
;106971;7798084684232;23871823;01077980846842322123871823108187A117170507;;;;
;103101;7798084684300;53552741;01077980846843002153552741107618417170507;;;;
;103111;7798084684317;91143071;01077980846843172191143071107597917170413;;;;
;106641;7798084684768;89901519;01077980846847682189901519107631717170601;;;;
;104481;7798084685024;16519525;01077980846850242116519525107598217170414;;;;
;105281;7798084685024;21177163;01077980846850242121177163107598217170414;;;;
;108721;7798084685024;37440149;01077980846850242137440149107598217170414;;;;
;103971;7798088120262;3864755750;01077980881202622138647557501717063010a4150096;;;;
;104001;7798088120262;3988502026;01077980881202622139885020261717063010a4150096;;;;
;103981;7798088120262;4609819046;01077980881202622146098190461717063010a4150096;;;;
;104041;7798088120262;6070153546;01077980881202622160701535461717063010a4150096;;;;
;104031;7798088120262;6253876554;01077980881202622162538765541717063010a4150096;;;;
;104021;7798088120262;7167622560;01077980881202622171676225601717063010a4150096;;;;
;103991;7798088120262;7174935690;01077980881202622171749356901717063010a4150096;;;;
;104011;7798088120262;8574549321;01077980881202622185745493211717063010a4150096;;;;
;106131;7798088120620;3402623621;01077980881206202134026236211717063010A5150006;;;;
;108771;7798088120620;5179260128;01077980881206202151792601281717083110A5150009;;;;
;103931;7798088120620;5685818245;01077980881206202156858182451717063010A5150006;;;;
;108781;7798088120620;7906447689;01077980881206202179064476891717083110A5150009;;;;
;108791;7798088120620;9108868643;01077980881206202191088686431717083110A5150009;;;;
;109751;7798098720094;201322280;010779809872009421020132228010U83910317180131;;;;
;109661;7798098720094;201322281;010779809872009421020132228110U83910317180131;;;;
;109741;7798098720094;201322282;010779809872009421020132228210U83910317180131;;;;
;109671;7798098720094;201322283;010779809872009421020132228310U83910317180131;;;;
;109731;7798098720094;201322284;010779809872009421020132228410U83910317180131;;;;
;109681;7798098720094;201322285;010779809872009421020132228510U83910317180131;;;;
;109721;7798098720094;201322286;010779809872009421020132228610U83910317180131;;;;
;109691;7798098720094;201322287;010779809872009421020132228710U83910317180131;;;;
;109711;7798098720094;201322288;010779809872009421020132228810U83910317180131;;;;
;109701;7798098720094;201322289;010779809872009421020132228910U83910317180131;;;;
;109311;7798098720094;201323044;010779809872009421020132304410U83910317180131;;;;
;109301;7798098720094;201323045;010779809872009421020132304510U83910317180131;;;;
;109321;7798098720094;201323046;010779809872009421020132304610U83910317180131;;;;
;109291;7798098720094;201323047;010779809872009421020132304710U83910317180131;;;;
;109331;7798098720094;201323048;010779809872009421020132304810U83910317180131;;;;
;109281;7798098720094;201323049;010779809872009421020132304910U83910317180131;;;;
;109341;7798098720094;201323050;010779809872009421020132305010U83910317180131;;;;
;109271;7798098720094;201323051;010779809872009421020132305110U83910317180131;;;;
;109351;7798098720094;201323052;010779809872009421020132305210U83910317180131;;;;
;109261;7798098720094;201323053;010779809872009421020132305310U83910317180131;;;;
;110151;7798098720094;201324072;010779809872009421020132407210U83910317180131;;;;
;110061;7798098720094;201324073;010779809872009421020132407310U83910317180131;;;;
;110141;7798098720094;201324074;010779809872009421020132407410U83910317180131;;;;
;110071;7798098720094;201324075;010779809872009421020132407510U83910317180131;;;;
;110131;7798098720094;201324076;010779809872009421020132407610U83910317180131;;;;
;110081;7798098720094;201324077;010779809872009421020132407710U83910317180131;;;;
;110121;7798098720094;201324078;010779809872009421020132407810U83910317180131;;;;
;110091;7798098720094;201324079;010779809872009421020132407910U83910317180131;;;;
;110111;7798098720094;201324080;010779809872009421020132408010U83910317180131;;;;
;110101;7798098720094;201324081;010779809872009421020132408110U83910317180131;;;;
;111001;7798098720094;201324082;010779809872009421020132408210U83910317180131;;;;
;111011;7798098720094;201324083;010779809872009421020132408310U83910317180131;;;;
;110991;7798098720094;201324084;010779809872009421020132408410U83910317180131;;;;
;111021;7798098720094;201324085;010779809872009421020132408510U83910317180131;;;;
;110981;7798098720094;201324086;010779809872009421020132408610U83910317180131;;;;
;111031;7798098720094;201324087;010779809872009421020132408710U83910317180131;;;;
;110971;7798098720094;201324088;010779809872009421020132408810U83910317180131;;;;
;111041;7798098720094;201324089;010779809872009421020132408910U83910317180131;;;;
;110961;7798098720094;201324090;010779809872009421020132409010U83910317180131;;;;
;111051;7798098720094;201324091;010779809872009421020132409110U83910317180131;;;;
;110161;7798098720094;201324112;010779809872009421020132411210U83910317180131;;;;
;110251;7798098720094;201324113;010779809872009421020132411310U83910317180131;;;;
;110171;7798098720094;201324114;010779809872009421020132411410U83910317180131;;;;
;110241;7798098720094;201324115;010779809872009421020132411510U83910317180131;;;;
;110181;7798098720094;201324116;010779809872009421020132411610U83910317180131;;;;
;110231;7798098720094;201324117;010779809872009421020132411710U83910317180131;;;;
;110191;7798098720094;201324118;010779809872009421020132411810U83910317180131;;;;
;110221;7798098720094;201324119;010779809872009421020132411910U83910317180131;;;;
;110201;7798098720094;201324120;010779809872009421020132412010U83910317180131;;;;
;110211;7798098720094;201324121;010779809872009421020132412110U83910317180131;;;;
;109551;7798098720094;201324122;010779809872009421020132412210U83910317180131;;;;
;109461;7798098720094;201324123;010779809872009421020132412310U83910317180131;;;;
;109541;7798098720094;201324124;010779809872009421020132412410U83910317180131;;;;
;109471;7798098720094;201324125;010779809872009421020132412510U83910317180131;;;;
;109531;7798098720094;201324126;010779809872009421020132412610U83910317180131;;;;
;109481;7798098720094;201324127;010779809872009421020132412710U83910317180131;;;;
;109521;7798098720094;201324128;010779809872009421020132412810U83910317180131;;;;
;109491;7798098720094;201324129;010779809872009421020132412910U83910317180131;;;;
;109511;7798098720094;201324130;010779809872009421020132413010U83910317180131;;;;
;109501;7798098720094;201324131;010779809872009421020132413110U83910317180131;;;;
;110601;7798098720094;201324132;010779809872009421020132413210U83910317180131;;;;
;110611;7798098720094;201324133;010779809872009421020132413310U83910317180131;;;;
;110591;7798098720094;201324134;010779809872009421020132413410U83910317180131;;;;
;110621;7798098720094;201324135;010779809872009421020132413510U83910317180131;;;;
;110581;7798098720094;201324136;010779809872009421020132413610U83910317180131;;;;
;110631;7798098720094;201324137;010779809872009421020132413710U83910317180131;;;;
;110571;7798098720094;201324138;010779809872009421020132413810U83910317180131;;;;
;110641;7798098720094;201324139;010779809872009421020132413910U83910317180131;;;;
;110561;7798098720094;201324140;010779809872009421020132414010U83910317180131;;;;
;110651;7798098720094;201324141;010779809872009421020132414110U83910317180131;;;;
;110401;7798098720094;201324142;010779809872009421020132414210U83910317180131;;;;
;110411;7798098720094;201324143;010779809872009421020132414310U83910317180131;;;;
;110391;7798098720094;201324144;010779809872009421020132414410U83910317180131;;;;
;110421;7798098720094;201324145;010779809872009421020132414510U83910317180131;;;;
;110381;7798098720094;201324146;010779809872009421020132414610U83910317180131;;;;
;110431;7798098720094;201324147;010779809872009421020132414710U83910317180131;;;;
;110371;7798098720094;201324148;010779809872009421020132414810U83910317180131;;;;
;110441;7798098720094;201324149;010779809872009421020132414910U83910317180131;;;;
;110361;7798098720094;201324150;010779809872009421020132415010U83910317180131;;;;
;110451;7798098720094;201324151;010779809872009421020132415110U83910317180131;;;;
;109901;7798098720094;201324542;010779809872009421020132454210U83910317180131;;;;
;109911;7798098720094;201324543;010779809872009421020132454310U83910317180131;;;;
;109891;7798098720094;201324544;010779809872009421020132454410U83910317180131;;;;
;109921;7798098720094;201324545;010779809872009421020132454510U83910317180131;;;;
;109881;7798098720094;201324546;010779809872009421020132454610U83910317180131;;;;
;109931;7798098720094;201324547;010779809872009421020132454710U83910317180131;;;;
;109871;7798098720094;201324548;010779809872009421020132454810U83910317180131;;;;
;109941;7798098720094;201324549;010779809872009421020132454910U83910317180131;;;;
;109861;7798098720094;201324550;010779809872009421020132455010U83910317180131;;;;
;109951;7798098720094;201324551;010779809872009421020132455110U83910317180131;;;;
;109651;7798098720094;201324592;010779809872009421020132459210U83910317180131;;;;
;109561;7798098720094;201324593;010779809872009421020132459310U83910317180131;;;;
;109641;7798098720094;201324594;010779809872009421020132459410U83910317180131;;;;
;109571;7798098720094;201324595;010779809872009421020132459510U83910317180131;;;;
;109631;7798098720094;201324596;010779809872009421020132459610U83910317180131;;;;
;109581;7798098720094;201324597;010779809872009421020132459710U83910317180131;;;;
;109621;7798098720094;201324598;010779809872009421020132459810U83910317180131;;;;
;109591;7798098720094;201324599;010779809872009421020132459910U83910317180131;;;;
;109611;7798098720094;201324600;010779809872009421020132460010U83910317180131;;;;
;109601;7798098720094;201324601;010779809872009421020132460110U83910317180131;;;;
;110001;7798098720094;201324612;010779809872009421020132461210U83910317180131;;;;
;110011;7798098720094;201324613;010779809872009421020132461310U83910317180131;;;;
;109991;7798098720094;201324614;010779809872009421020132461410U83910317180131;;;;
;110021;7798098720094;201324615;010779809872009421020132461510U83910317180131;;;;
;109981;7798098720094;201324616;010779809872009421020132461610U83910317180131;;;;
;110031;7798098720094;201324617;010779809872009421020132461710U83910317180131;;;;
;109971;7798098720094;201324618;010779809872009421020132461810U83910317180131;;;;
;110041;7798098720094;201324619;010779809872009421020132461910U83910317180131;;;;
;109961;7798098720094;201324620;010779809872009421020132462010U83910317180131;;;;
;110051;7798098720094;201324621;010779809872009421020132462110U83910317180131;;;;
;110761;7798098720094;201324632;010779809872009421020132463210U83910317180131;;;;
;110851;7798098720094;201324633;010779809872009421020132463310U83910317180131;;;;
;110771;7798098720094;201324634;010779809872009421020132463410U83910317180131;;;;
;110841;7798098720094;201324635;010779809872009421020132463510U83910317180131;;;;
;110781;7798098720094;201324636;010779809872009421020132463610U83910317180131;;;;
;110831;7798098720094;201324637;010779809872009421020132463710U83910317180131;;;;
;110791;7798098720094;201324638;010779809872009421020132463810U83910317180131;;;;
;110821;7798098720094;201324639;010779809872009421020132463910U83910317180131;;;;
;110801;7798098720094;201324640;010779809872009421020132464010U83910317180131;;;;
;110811;7798098720094;201324641;010779809872009421020132464110U83910317180131;;;;
;110261;7798098720094;201324642;010779809872009421020132464210U83910317180131;;;;
;110351;7798098720094;201324643;010779809872009421020132464310U83910317180131;;;;
;110271;7798098720094;201324644;010779809872009421020132464410U83910317180131;;;;
;110341;7798098720094;201324645;010779809872009421020132464510U83910317180131;;;;
;110281;7798098720094;201324646;010779809872009421020132464610U83910317180131;;;;
;110331;7798098720094;201324647;010779809872009421020132464710U83910317180131;;;;
;110291;7798098720094;201324648;010779809872009421020132464810U83910317180131;;;;
;110321;7798098720094;201324649;010779809872009421020132464910U83910317180131;;;;
;110301;7798098720094;201324650;010779809872009421020132465010U83910317180131;;;;
;110311;7798098720094;201324651;010779809872009421020132465110U83910317180131;;;;
;110551;7798098720094;201324652;010779809872009421020132465210U83910317180131;;;;
;110461;7798098720094;201324653;010779809872009421020132465310U83910317180131;;;;
;110541;7798098720094;201324654;010779809872009421020132465410U83910317180131;;;;
;110471;7798098720094;201324655;010779809872009421020132465510U83910317180131;;;;
;110531;7798098720094;201324656;010779809872009421020132465610U83910317180131;;;;
;110481;7798098720094;201324657;010779809872009421020132465710U83910317180131;;;;
;110521;7798098720094;201324658;010779809872009421020132465810U83910317180131;;;;
;110491;7798098720094;201324659;010779809872009421020132465910U83910317180131;;;;
;110511;7798098720094;201324660;010779809872009421020132466010U83910317180131;;;;
;110501;7798098720094;201324661;010779809872009421020132466110U83910317180131;;;;
;109851;7798098720094;201324712;010779809872009421020132471210U83910317180131;;;;
;109761;7798098720094;201324713;010779809872009421020132471310U83910317180131;;;;
;109841;7798098720094;201324714;010779809872009421020132471410U83910317180131;;;;
;109771;7798098720094;201324715;010779809872009421020132471510U83910317180131;;;;
;109831;7798098720094;201324716;010779809872009421020132471610U83910317180131;;;;
;109781;7798098720094;201324717;010779809872009421020132471710U83910317180131;;;;
;109821;7798098720094;201324718;010779809872009421020132471810U83910317180131;;;;
;109791;7798098720094;201324719;010779809872009421020132471910U83910317180131;;;;
;109811;7798098720094;201324720;010779809872009421020132472010U83910317180131;;;;
;109801;7798098720094;201324721;010779809872009421020132472110U83910317180131;;;;
;109111;7798098720094;201324732;010779809872009421020132473210U83910317180131;;;;
;109101;7798098720094;201324733;010779809872009421020132473310U83910317180131;;;;
;109121;7798098720094;201324734;010779809872009421020132473410U83910317180131;;;;
;109091;7798098720094;201324735;010779809872009421020132473510U83910317180131;;;;
;109131;7798098720094;201324736;010779809872009421020132473610U83910317180131;;;;
;109081;7798098720094;201324737;010779809872009421020132473710U83910317180131;;;;
;109141;7798098720094;201324738;010779809872009421020132473810U83910317180131;;;;
;109071;7798098720094;201324739;010779809872009421020132473910U83910317180131;;;;
;109151;7798098720094;201324740;010779809872009421020132474010U83910317180131;;;;
;109061;7798098720094;201324741;010779809872009421020132474110U83910317180131;;;;
;110861;7798098720094;201324772;010779809872009421020132477210U83910317180131;;;;
;110951;7798098720094;201324773;010779809872009421020132477310U83910317180131;;;;
;110871;7798098720094;201324774;010779809872009421020132477410U83910317180131;;;;
;110941;7798098720094;201324775;010779809872009421020132477510U83910317180131;;;;
;110881;7798098720094;201324776;010779809872009421020132477610U83910317180131;;;;
;110931;7798098720094;201324777;010779809872009421020132477710U83910317180131;;;;
;110891;7798098720094;201324778;010779809872009421020132477810U83910317180131;;;;
;110921;7798098720094;201324779;010779809872009421020132477910U83910317180131;;;;
;110901;7798098720094;201324780;010779809872009421020132478010U83910317180131;;;;
;110911;7798098720094;201324781;010779809872009421020132478110U83910317180131;;;;
;110701;7798098720094;201324812;010779809872009421020132481210U83910317180131;;;;
;110711;7798098720094;201324813;010779809872009421020132481310U83910317180131;;;;
;110691;7798098720094;201324814;010779809872009421020132481410U83910317180131;;;;
;110721;7798098720094;201324815;010779809872009421020132481510U83910317180131;;;;
;110681;7798098720094;201324816;010779809872009421020132481610U83910317180131;;;;
;110731;7798098720094;201324817;010779809872009421020132481710U83910317180131;;;;
;110671;7798098720094;201324818;010779809872009421020132481810U83910317180131;;;;
;110741;7798098720094;201324819;010779809872009421020132481910U83910317180131;;;;
;110661;7798098720094;201324820;010779809872009421020132482010U83910317180131;;;;
;110751;7798098720094;201324821;010779809872009421020132482110U83910317180131;;;;
;109451;7798098720094;201324822;010779809872009421020132482210U83910317180131;;;;
;109361;7798098720094;201324823;010779809872009421020132482310U83910317180131;;;;
;109441;7798098720094;201324824;010779809872009421020132482410U83910317180131;;;;
;109371;7798098720094;201324825;010779809872009421020132482510U83910317180131;;;;
;109431;7798098720094;201324826;010779809872009421020132482610U83910317180131;;;;
;109381;7798098720094;201324827;010779809872009421020132482710U83910317180131;;;;
;109421;7798098720094;201324828;010779809872009421020132482810U83910317180131;;;;
;109391;7798098720094;201324829;010779809872009421020132482910U83910317180131;;;;
;109411;7798098720094;201324830;010779809872009421020132483010U83910317180131;;;;
;109401;7798098720094;201324831;010779809872009421020132483110U83910317180131;;;;
;109251;7798098720094;201324842;010779809872009421020132484210U83910317180131;;;;
;109161;7798098720094;201324843;010779809872009421020132484310U83910317180131;;;;
;109241;7798098720094;201324844;010779809872009421020132484410U83910317180131;;;;
;109171;7798098720094;201324845;010779809872009421020132484510U83910317180131;;;;
;109231;7798098720094;201324846;010779809872009421020132484610U83910317180131;;;;
;109181;7798098720094;201324847;010779809872009421020132484710U83910317180131;;;;
;109221;7798098720094;201324848;010779809872009421020132484810U83910317180131;;;;
;109191;7798098720094;201324849;010779809872009421020132484910U83910317180131;;;;
;109211;7798098720094;201324850;010779809872009421020132485010U83910317180131;;;;
;109201;7798098720094;201324851;010779809872009421020132485110U83910317180131;;;;
;106121;7798098720650;201144341;010779809872065021020114434110434720002917180331;;;;
;106061;7798098720650;201145094;010779809872065021020114509410434720002917180331;;;;
;106201;7798098720650;201145124;010779809872065021020114512410434720002917180331;;;;
;106101;7798098720650;201145127;010779809872065021020114512710434720002917180331;;;;
;106211;7798098720650;201145132;010779809872065021020114513210434720002917180331;;;;
;106071;7798098720650;201145137;010779809872065021020114513710434720002917180331;;;;
;106081;7798098720650;201145841;010779809872065021020114584110434720002917180331;;;;
;106051;7798098720650;201145842;010779809872065021020114584210434720002917180331;;;;
;106221;7798098720650;201145848;010779809872065021020114584810434720002917180331;;;;
;106091;7798098720650;201145849;010779809872065021020114584910434720002917180331;;;;
;106111;7798098720650;201145850;010779809872065021020114585010434720002917180331;;;;
;106161;7798098720650;201177718;010779809872065021020117771810434720003017180430;;;;
;106171;7798098720650;201177720;010779809872065021020117772010434720003017180430;;;;
;106241;7798098720650;201177724;010779809872065021020117772410434720003017180430;;;;
;106231;7798098720650;201177726;010779809872065021020117772610434720003017180430;;;;
;106181;7798098720650;201177727;010779809872065021020117772710434720003017180430;;;;
;106151;7798098720650;201177728;010779809872065021020117772810434720003017180430;;;;
;106141;7798098720650;201177729;010779809872065021020117772910434720003017180430;;;;
;106191;7798098720650;201177735;010779809872065021020117773510434720003017180430;;;;
;106041;7798098720650;201177736;010779809872065021020117773610434720003017180430;;;;
;106721;7798098720650;201182253;010779809872065021020118225310434720003217180630;;;;
;106751;7798098720650;201182254;010779809872065021020118225410434720003217180630;;;;
;106761;7798098720650;201182255;010779809872065021020118225510434720003217180630;;;;
;106701;7798098720650;201182256;010779809872065021020118225610434720003217180630;;;;
;106681;7798098720650;201182257;010779809872065021020118225710434720003217180630;;;;
;106671;7798098720650;201182258;010779809872065021020118225810434720003217180630;;;;
;106691;7798098720650;201182259;010779809872065021020118225910434720003217180630;;;;
;106711;7798098720650;201182260;010779809872065021020118226010434720003217180630;;;;
;106741;7798098720650;201182261;010779809872065021020118226110434720003217180630;;;;
;106731;7798098720650;201182262;010779809872065021020118226210434720003217180630;;;;
;106851;7798098720650;201182263;010779809872065021020118226310434720003217180630;;;;
;106831;7798098720650;201182264;010779809872065021020118226410434720003217180630;;;;
;106771;7798098720650;201182265;010779809872065021020118226510434720003217180630;;;;
;106791;7798098720650;201182266;010779809872065021020118226610434720003217180630;;;;
;106811;7798098720650;201182267;010779809872065021020118226710434720003217180630;;;;
;106801;7798098720650;201182269;010779809872065021020118226910434720003217180630;;;;
;106781;7798098720650;201182270;010779809872065021020118227010434720003217180630;;;;
;106821;7798098720650;201182271;010779809872065021020118227110434720003217180630;;;;
;106841;7798098720650;201182272;010779809872065021020118227210434720003217180630;;;;
;106861;7798098720650;201182282;010779809872065021020118228210434720003217180630;;;;
;106931;7798098720650;201182343;010779809872065021020118234310434720003217180630;;;;
;106941;7798098720650;201182344;010779809872065021020118234410434720003217180630;;;;
;106951;7798098720650;201182345;010779809872065021020118234510434720003217180630;;;;
;106961;7798098720650;201182346;010779809872065021020118234610434720003217180630;;;;
;106871;7798098720650;201182347;010779809872065021020118234710434720003217180630;;;;
;106881;7798098720650;201182348;010779809872065021020118234810434720003217180630;;;;
;106891;7798098720650;201182349;010779809872065021020118234910434720003217180630;;;;
;106901;7798098720650;201182350;010779809872065021020118235010434720003217180630;;;;
;106921;7798098720650;201182351;010779809872065021020118235110434720003217180630;;;;
;106911;7798098720650;201182352;010779809872065021020118235210434720003217180630;;;;
;105131;8002660004741;1200923030;010800266000474110103830217170131211200923030;;;;
;105161;8002660004741;1200923059;010800266000474110103830217170131211200923059;;;;
;105141;8002660004741;1200925138;010800266000474110103830217170131211200925138;;;;
;105151;8002660004741;1200925143;010800266000474110103830217170131211200925143;;;;
;105171;8002660004741;1200925151;010800266000474110103830217170131211200925151;;;;
;108391;8002660004741;1200994793;010800266000474110104530217170630211200994793;;;;
;105671;8002660012005;2274;0108002660012005171701312100000000002274106053306;;;;